c77969,192.168.56.1,GET,http://rkarkut.app/admin/clearcache,1462562406,,200
f30942,192.168.56.1,GET,http://rkarkut.app/,1462562410,,200
9dd97c,192.168.56.1,GET,http://rkarkut.app/,1462562433,,200
0cc375,192.168.56.1,GET,http://rkarkut.app/,1462562433,,200
815f3f,192.168.56.1,GET,http://rkarkut.app/,1462562434,,200
4f12df,192.168.56.1,GET,http://rkarkut.app/,1462562450,,200
54660c,192.168.56.1,GET,http://rkarkut.app/,1462562451,,200
507d1a,192.168.56.1,GET,http://rkarkut.app/,1462562451,,200
a94ecd,192.168.56.1,GET,http://rkarkut.app/,1462562467,,200
66063f,192.168.56.1,GET,http://rkarkut.app/,1462562492,,200
af7665,192.168.56.1,GET,http://rkarkut.app/,1462562493,,200
3d6c03,192.168.56.1,GET,http://rkarkut.app/,1462562506,,200
